Student_ID,Gender,Math_Score,English_Score,Science_Score,Attendance
S1001,Female,79.96714153,86.79226524,72.5985738,75.46096221
S1002,Male,73.61735699,81.09560419,76.84385063,80.69807495
S1003,Female,81.47688538,70.71556444,71.66064063,82.93197233
S1004,Female,90.23029856,62.23675867,75.53630776,94.43843829
S1005,Female,72.65846625,78.37867976,62.85108266,87.78276562
S1006,Male,75.26488445,74.72182463,79.70634966,78.32259215
S1007,Female,90.79212816,80.74231864,78.0096438,87.43018145
S1008,Female,82.67434729,77.62206162,71.46329095,77.26348006
S1009,Male,70.30525614,82.59463258,83.27396535,90.41345527
S1010,Male,80.42560044,63.57717746,85.5005611,82.64437674
S1011,Female,70.36582307,85.80872879,65.13952109,84.53181906
S1012,Male,70.34270246,72.37119526,71.89820177,91.62898324
S1013,Female,77.41962272,94.90313047,71.8468612,78.56418216
S1014,Male,55.86719755,61.72974618,70.48077519,78.01440907
S1015,Male,57.75082167,90.83156564,84.63579874,82.08200337
S1016,Female,69.37712471,70.75692559,76.44939089,90.19189426
S1017,Female,64.8716888,62.18298396,75.88388127,77.40326962
S1018,Female,78.14247333,64.19336999,61.96910108,70.83922201
S1019,Male,65.91975924,66.1558323,83.08334424,82.74420571
S1020,Female,60.87696299,75.08999136,68.08593284,87.758704
S1021,Female,89.65648769,76.27402586,78.47946104,91.00130875
S1022,Female,72.742237,63.11559995,80.2190155,82.68419319
S1023,Female,75.67528205,69.70774489,88.88526877,82.94286696
S1024,Female,60.75251814,95.7072443,67.52943681,90.76950367
S1025,Male,69.55617275,90.73051804,53.84390275,75.6512915
S1026,Female,76.1092259,75.23588404,77.95153066,83.05739612
S1027,Female,63.49006423,70.45604174,92.40408945,85.95211945
S1028,Male,78.75698018,71.44037592,87.91157082,87.24609361
S1029,Female,68.9936131,77.36221567,79.67727532,82.45096653
S1030,Female,72.0830625,57.72648922,74.06691051,85.17220506
S1031,Female,68.98293388,66.91148155,84.45698077,72.55836323
S1032,Female,93.52278185,49.97699111,70.2116304,81.70875794
S1033,Female,74.86502775,74.79067747,81.81086215,87.26754356
S1034,Male,64.42289071,77.76635128,82.04376127,80.08852983
S1035,Male,83.22544912,64.20176245,86.48167926,85.29492111
S1036,Male,62.7915635,88.88784116,100.0772803,84.97637793
S1037,Female,77.08863595,55.29081204,81.13932774,83.287254
S1038,Male,55.40329876,52.42750144,73.92829099,85.85231885
S1039,Female,61.71813951,72.69342182,77.7954055,80.18633717
S1040,Female,76.96861236,82.56517963,63.84739276,83.9669436
S1041,Female,82.3846658,90.2071323,72.44229495,88.05108085
S1042,Male,76.71368281,64.49338885,74.7257405,85.7848648
S1043,Male,73.84351718,82.94417,73.80729282,82.06734365
S1044,Male,71.98896304,69.53789837,79.21883898,86.12108202
S1045,Female,60.2147801,67.9284724,71.42064054,88.57304895
S1046,Male,67.80155792,80.60391925,86.96824534,74.75029361
S1047,Female,70.39361229,77.82787454,78.00165652,90.79537032
S1048,Male,85.57122226,51.08329412,77.92559743,83.31872631
S1049,Male,78.4361829,87.7184842,75.37684227,87.12744967
S1050,Female,57.36959845,86.56109625,79.24152547,90.98623462
S1051,Female,78.24083969,62.49324758,84.60078612,78.14163151
S1052,Male,71.1491772,74.7496424,71.06295827,81.45279499
S1053,Male,68.23078,75.92836224,72.73506809,83.55725652
S1054,Male,81.11676289,73.12808519,75.57019177,81.08123239
S1055,Female,85.30999522,63.39633815,67.23303261,93.67468288
S1056,Female,84.31280119,61.94051958,71.44593712,80.71613953
S1057,Male,66.60782477,69.69335115,74.19023301,82.2222661
S1058,Male,71.90787624,84.07274823,84.99511345,86.02194516
S1059,Female,78.31263431,76.52320186,80.10049063,78.98925237
S1060,Male,84.75545127,65.55262801,79.54871929,83.02159644
S1061,Female,70.20825762,79.26038453,84.8071837,86.58726631
S1062,Female,73.14341023,35.81748855,76.90102569,83.33569798
S1063,Female,63.93665026,83.7851884,81.1237188,84.53306571
S1064,Female,63.03793376,49.12343465,77.17422598,82.35333944
S1065,Female,83.12525822,65.6507087,80.1228988,77.42764845
S1066,Female,88.56240029,56.56396126,73.33793074,86.60796606
S1067,Male,74.27989878,54.46382229,58.48946273,93.77466536
S1068,Female,85.03532898,83.92992145,76.9257667,85.09200815
S1069,Female,78.61636025,64.38758558,89.38198509,86.12632059
S1070,Male,68.54880245,74.15804658,85.40972322,88.46361378
S1071,Female,78.61395606,69.43695305,85.72317988,78.65334752
S1072,Male,90.38036566,75.72448993,87.88904577,93.51257329
S1073,Female,74.64173961,70.92186269,78.70926073,86.01164398
S1074,Male,90.64643656,54.60409331,79.57852566,93.1592845
S1075,Male,48.80254896,81.95520183,73.05878484,81.33483502
S1076,Female,83.21902504,64.074921,75.47141715,94.09030961
S1077,Female,75.87047068,51.32101722,82.9261692,88.87577747
S1078,Female,72.0099265,64.86261807,87.6310755,87.76520043
S1079,Female,75.91760777,88.00911749,76.88442979,86.17012227
S1080,Male,55.12431085,80.20266091,74.39848588,83.75735691
S1081,Male,72.80328112,65.81617439,78.00422367,91.00265829
S1082,Male,78.57112572,65.80890755,82.80965399,85.70179935
S1083,Female,89.77894045,66.14037939,66.44916147,75.16465148
S1084,Male,69.81729782,94.9209758,59.63055237,79.41406769
S1085,Female,66.91506397,74.58322543,73.5957052,84.07077124
S1086,Female,69.98242956,75.16049977,68.23430059,86.54999492
S1087,Male,84.15402118,82.36340145,73.93487842,84.71705756
S1088,Female,78.2875111,72.86546991,76.81775745,91.09485395
S1089,Male,69.70239796,66.89149425,74.37401273,75.24449068
S1090,Female,80.13267433,67.64380181,89.61974028,85.71793968
S1091,Male,75.97077549,69.14078489,80.61395812,75.91010387
S1092,Female,84.68644991,69.55333316,80.40379488,88.79856148
S1093,Male,67.97946906,78.73155452,82.97765715,84.52770643
S1094,Male,71.72337853,70.62335063,68.88933506,87.09804986
S1095,Female,71.07891847,78.79168093,86.3128943,80.6805852
S1096,Female,60.36485052,69.03140104,77.39388571,91.39732466
S1097,Male,77.96120277,70.94362228,83.36384494,90.20862332
S1098,Female,77.61055272,46.02159179,69.42514214,87.91772152
S1099,Female,75.05113457,80.9959321,65.56992987,84.35241377
S1100,Female,72.65412867,74.15786171,84.54311726,87.89928643
S1101,Male,60.84629258,81.97612132,81.01127621,81.46553716
S1102,Male,70.79354677,35.24493546,70.78358757,89.2777783
S1103,Female,71.57285483,95.06049646,71.04269535,93.24740447
S1104,Female,66.97722731,68.32492446,87.00347828,90.3530528
S1105,Male,73.38714288,83.2981938,68.48470486,81.35198765
S1106,Female,79.04050857,57.52112887,91.14138363,86.80708659
S1107,Male,93.86185901,77.35328686,70.79503412,78.53429228
S1108,Female,76.74577813,57.35901324,83.1071354,87.86195156
S1109,Female,77.57550391,62.51477247,75.37105219,87.25301706
S1110,Female,74.25554084,92.96837625,82.82549945,75.6509183
S1111,Male,55.81228785,67.71181119,73.64708798,79.19108078
S1112,Male,74.73486125,72.60919448,76.69765675,83.58430552
S1113,Male,75.6023021,80.44081277,78.3273534,83.49570126
S1114,Male,99.63242112,75.94818266,69.98250035,78.95261532
S1115,Female,73.07639035,71.80502686,83.92659476,86.94489365
S1116,Female,78.01547342,74.37953203,73.89429147,86.25736804
S1117,Male,74.6528823,98.84098702,76.17120068,84.02865434
S1118,Female,63.31321962,69.30857444,70.045205,81.2210425
S1119,Female,86.42822815,72.41318856,57.50133073,90.24353563
S1120,Male,82.51933033,82.60785275,76.4717779,93.27703557
S1121,Female,82.91031947,83.2663112,97.30092337,82.58219258
S1122,Female,65.90612545,84.24436367,84.2768343,81.93916541
S1123,Male,89.02794311,77.66476266,77.84591696,87.45603833
S1124,Female,60.98148937,56.28394105,75.89687337,83.2098531
S1125,Female,80.86857094,89.60117839,78.17972714,84.303014
S1126,Female,96.90455626,56.24385528,82.37695292,88.69826576
S1127,Male,65.09463675,73.63162558,68.55349748,75.45321956
S1128,Male,69.3370227,60.9486898,86.91457356,91.59151162
S1129,Female,75.99651365,69.23033984,83.72305052,85.36340262
S1130,Female,69.96524346,73.94514892,83.74548581,82.94253428
S1131,Female,59.49336569,73.85628659,81.50780591,84.55382923
S1132,Male,75.68562975,75.06304905,78.15693326,84.81214678
S1133,Male,64.37696286,89.36453523,83.38288989,76.34399348
S1134,Male,79.73592431,75.44241162,82.73451307,92.47469114
S1135,Female,65.80575766,67.07012038,75.16767431,85.20662816
S1136,Female,90.49934405,81.56904602,73.41118582,87.21501065
S1137,Female,67.16746708,84.27364587,78.81485036,89.75774885
S1138,Female,71.77938484,55.26870622,90.39216121,79.89418771
S1139,Female,83.13517217,77.16880084,68.08714339,87.3673595
S1140,Male,62.69135684,78.41407291,66.25979787,83.66179455
S1141,Female,77.27459935,66.42923796,79.31808673,89.23385388
S1142,Female,88.07142754,86.50848176,78.40710161,74.3638629
S1143,Female,58.92516765,68.19933296,79.38673331,84.5045285
S1144,Male,76.84633859,71.50691744,79.95162558,81.98589672
S1145,Female,77.59882794,67.92313811,76.21438196,87.16131475
S1146,Male,82.81822872,70.18694857,89.91890751,87.35022094
S1147,Male,62.63049289,56.84469896,65.19276817,81.46187053
S1148,Male,61.79543387,52.71938941,71.3720238,81.43913068
S1149,Male,80.21941566,89.13406076,77.17396192,84.44667316
S1150,Male,77.96984673,59.83646382,64.85448951,80.51678886
S1151,Female,77.5049285,58.10329181,76.59316476,89.20991848
S1152,Female,78.46448209,44.15931864,91.29176133,83.153964
S1153,Male,68.19975278,62.33245903,78.16709191,70.4650589
S1154,Male,77.32253697,54.12292248,79.84560725,83.12588972
S1155,Male,77.93072473,89.70418192,67.91868188,79.8072809
S1156,Female,67.85648582,82.11780507,73.06910874,76.84362092
S1157,Female,93.65774511,61.74219586,74.99842896,78.81286681
S1158,Male,79.73832921,97.02922966,75.45827923,85.54704236
S1159,Female,63.08696503,81.78118584,88.25315036,91.64320414
S1160,Female,81.56553609,66.1020234,82.46152849,86.56592237
S1161,Male,65.2531833,40.00713142,69.10833634,81.96748306
S1162,Male,82.87084604,97.49131087,79.97203823,87.27952098
S1163,Female,86.58595579,53.3251304,81.98577399,82.70454845
S1164,Female,66.79317682,50.25521504,87.12119231,81.52699815
S1165,Female,84.63376129,82.27084518,90.64432549,79.22818666
S1166,Male,79.12780927,99.27702888,69.87924647,76.24085597
S1167,Male,83.2206016,86.61127382,71.51313991,83.05038147
S1168,Male,93.96792983,76.76690944,67.93937713,85.79026745
S1169,Female,72.54611884,77.1370521,76.12784113,84.51688165
S1170,Female,67.46263836,80.24098671,81.730867,82.92016536
S1171,Male,66.1048557,79.10714308,85.89867613,80.2712697
S1172,Female,66.84189715,73.37429709,77.39239181,88.04123096
S1173,Male,74.22898291,71.25041325,75.44121981,78.4143404
S1174,Female,78.41151975,69.24888247,79.21406394,88.88013957
S1175,Male,77.76690799,60.95242493,71.31885679,79.98891491
S1176,Female,83.27183249,66.63189908,94.71630977,81.23782381
S1177,Female,75.13001892,49.68451823,65.13871178,77.66607405
S1178,Male,89.53534077,68.81992448,79.47792463,82.49298927
S1179,Male,72.35343167,58.13690671,94.18884975,89.87656229
S1180,Male,102.2016917,56.75692819,78.05439876,87.57814044
S1181,Male,81.25667348,72.15872981,76.47968772,89.89211056
S1182,Male,66.42842444,86.70402744,75.14043662,87.61071273
S1183,Female,64.29107502,81.01979927,76.55686655,79.48165086
S1184,Male,79.82472415,51.15399276,88.9827878,83.34605388
S1185,Male,72.76537215,58.12446236,60.30510471,81.09900435
S1186,Male,82.14000494,81.28925426,90.26746961,91.65287452
S1187,Male,79.73237625,58.21015128,66.60834278,79.01605677
S1188,Male,74.27171087,67.3044022,75.86678137,89.46848845
S1189,Female,66.53206282,76.60062519,74.56604464,89.46476935
S1190,Male,59.85152775,58.37986654,82.70842616,94.14810101
S1191,Male,70.53485048,71.26450607,65.21500518,82.95156704
S1192,Male,83.56398794,53.99169406,81.69738133,88.5616108
S1193,Female,77.14093744,62.78358827,94.19447699,96.40825918
S1194,Female,62.54261221,73.83738321,67.09460796,81.91179162
S1195,Male,76.73180926,50.8840752,79.51764934,77.32479876
S1196,Male,78.8531738,75.28569686,72.70414258,75.59994983
S1197,Female,66.16142564,69.76434641,81.40709765,88.56356014
S1198,Female,76.53725106,76.62987945,78.15318222,75.58424896
S1199,Female,75.58208718,72.68696961,72.86810473,83.13840474
S1200,Male,63.57029702,86.36968516,81.90297828,87.18656594
S1201,Male,78.5778736,71.50269403,92.43478488,85.92587768
S1202,Female,80.60784526,64.84713351,76.47276967,87.12722432
S1203,Male,85.83051243,71.46757004,83.75806354,86.11144928
S1204,Female,85.53802052,76.51957635,67.65381634,91.39432907
S1205,Female,61.22330632,70.58632084,70.34850899,80.2384181
S1206,Female,65.6217496,70.48710029,81.77925022,81.61502431
S1207,Male,80.15035267,61.57609975,89.87292823,81.13670277
S1208,Female,80.13785951,62.04518899,80.84490679,89.15095906
S1209,Female,80.15047686,53.16873674,75.49553576,89.50199294
S1210,Male,105.3789395,90.99492092,77.99433124,87.2561266
S1211,Female,80.70890511,55.07364118,67.99673813,90.91746833
S1212,Male,86.3556564,61.68513763,82.83612261,79.10979566
S1213,Female,84.54001763,61.37911281,85.0586645,93.33612056
S1214,Male,81.51391251,80.73909252,74.38327734,92.61619311
S1215,Female,71.84730755,66.46060386,74.23966282,88.67810999
S1216,Female,82.5896922,84.97290487,80.12702584,93.90899454
S1217,Female,67.27174785,61.91811251,74.50624211,76.71688396
S1218,Female,72.63181393,73.34792995,77.47093908,82.37775932
S1219,Female,70.14636452,59.97583536,94.79777431,81.3234827
S1220,Male,75.81874139,95.74178953,76.02379439,88.60739662
S1221,Male,98.14658567,55.74881897,75.13327878,79.7492963
S1222,Female,56.32734807,73.71784852,72.81966555,88.78747575
S1223,Female,81.8626019,77.60532257,83.95353577,91.85268072
S1224,Female,58.87284129,74.96558917,76.55020661,88.4760145
S1225,Male,70.28068134,67.77654809,72.80501569,86.41875512
S1226,Male,85.88950597,68.4421516,88.57043226,80.0606333
S1227,Female,75.64280019,70.52573766,89.35682404,80.76574517
S1228,Male,64.22255222,68.23597598,73.19661147,91.24809453
S1229,Female,67.84696291,81.5665494,63.06768039,88.89674502
S1230,Female,81.79597749,96.52627602,86.06010952,84.8049024
S1231,Female,67.69633368,63.31009858,72.52296139,82.91045227
S1232,Male,77.1645859,53.56236425,84.32500479,74.87096063
S1233,Female,75.4557184,68.94061542,62.23916946,79.64573791
S1234,Female,68.48399652,100.9565121,85.14077871,94.55709544
S1235,Female,96.43944089,60.35590518,68.31062457,78.59772214
S1236,Male,81.33919022,89.66940167,83.84611295,85.94739911
S1237,Male,54.74857413,90.13240977,78.11418454,90.03721987
S1238,Male,76.86454315,63.3569411,70.36848464,78.72538666
S1239,Female,68.38213535,76.82779695,74.7437095,85.92355237
S1240,Male,83.52433335,89.54075948,83.49054766,89.68957769
S1241,Female,67.07479262,65.45046711,78.84715562,85.06249661
S1242,Male,73.85263559,67.55703568,82.67530384,99.34201528
S1243,Female,80.04987279,63.01982903,93.81152468,76.65700371
S1244,Male,83.65755194,57.82291923,65.48606711,90.29364265
S1245,Female,62.99703593,62.20866946,90.9377006,84.13599131
S1246,Male,71.65498764,55.3127168,78.8348475,88.85960077
S1247,Male,70.25054689,70.40900162,70.80972761,87.20653576
S1248,Male,68.46670767,60.76032123,67.35749099,81.33421901
S1249,Female,92.6545424,72.80543094,76.48703687,86.14498196
S1250,Male,79.04981711,51.32925225,85.3732009,75.71049274
S1251,Male,62.39116046,73.97056279,76.97960704,88.0162375
S1252,Male,84.17861947,80.00234754,90.08923944,86.49079233
S1253,Male,96.22156197,46.07517229,66.39059448,88.19330084
S1254,Female,85.32465261,74.48867884,77.90328842,90.29059163
S1255,Male,59.80630034,84.73202791,67.98085244,86.8380992
S1256,Female,70.15765927,55.48430778,80.90905506,85.7404471
S1257,Female,87.66911149,90.07086864,85.09509912,80.59465832
S1258,Female,67.92330534,75.02822811,74.63390565,81.43889618
S1259,Female,79.43819428,61.53985773,57.16628915,90.9336731
S1260,Male,82.74634053,69.33077107,79.59158517,92.18167703
S1261,Female,65.73069528,76.69992295,81.49390841,83.80944782
S1262,Female,74.40474644,70.9120647,81.23435804,85.23001374
S1263,Female,45.06083805,76.46507191,87.88625753,80.47692813
S1264,Female,64.75612359,58.95191688,69.43157056,90.86378423
S1265,Male,72.47431849,72.03232989,83.44172884,88.32708412
S1266,Male,62.52216818,53.03542604,87.5400601,94.70608718
S1267,Female,91.32411304,68.66528726,63.77129933,80.60838461
S1268,Female,60.69858622,59.1531083,80.55721461,83.1099605
S1269,Female,70.59955513,61.17364069,73.96656135,86.15722961
S1270,Male,76.30740577,84.8331181,77.34781862,88.23244769
S1271,Male,89.41273289,83.09572145,80.78141187,83.92166181
S1272,Male,60.64137849,77.30965745,74.10217149,80.63519455
S1273,Male,86.63163752,56.89224682,72.59433537,89.40703764
S1274,Male,75.10233061,66.2030986,78.27321934,88.60567681
S1275,Female,65.18491349,84.5571724,69.30203249,80.4186295
S1276,Male,79.62103474,71.70060296,69.31339897,91.77721401
S1277,Male,76.99059696,97.83195448,83.43498626,90.85099355
S1278,Female,68.99783123,74.71981407,68.80964772,85.67148249
S1279,Male,75.69802085,72.3045894,83.33050001,85.39798931
S1280,Male,71.14686403,66.29060243,81.70073034,87.77028886
S1281,Male,76.13517345,71.60249086,64.19354617,80.69148465
S1282,Female,81.62130675,68.17036196,72.57948278,85.1501574
S1283,Male,90.86016816,78.49730412,87.55287522,74.23808228
S1284,Female,62.62184501,81.4804278,70.15067575,89.38227823
S1285,Female,96.33033375,60.56812647,74.2847659,77.19253389
S1286,Male,55.479122,54.02520456,81.69648715,92.51709914
S1287,Male,73.48214905,47.96553552,84.26712407,83.34939953
S1288,Male,80.88317206,76.09589592,75.98768891,83.94166509
S1289,Male,77.80991868,56.75960073,73.21991844,81.86133047
S1290,Female,68.7730048,44.16531288,89.37895889,83.55980563
S1291,Male,72.9187775,74.66294325,91.91119731,92.09265673
S1292,Female,70.06999065,99.91599421,85.83086441,72.56095672
S1293,Female,69.10635243,69.92714906,78.68254514,91.38482693
S1294,Female,83.49602097,80.06188929,71.53387423,86.69011741
S1295,Female,78.57015486,70.9819523,71.35644475,78.96489176
S1296,Female,68.07090405,68.81332416,82.18011284,79.62343803
S1297,Male,83.99599875,81.0289178,81.34718577,93.38196514
S1298,Female,78.07299521,66.51670547,89.21278874,80.2724656
S1299,Female,83.12862119,73.20870777,83.20360074,79.23324745
S1300,Male,81.29628842,73.86037367,65.97535759,90.68657271
S1301,Male,66.71004989,61.98291456,86.41558094,86.69276438
S1302,Female,69.3981896,81.90450819,70.01551498,80.31037212
S1303,Female,82.47293605,67.90048292,74.92822982,86.08312488
S1304,Male,81.10370265,60.93105809,80.00160165,79.87123658
S1305,Female,74.79098406,76.43811812,93.96533992,90.50410699
S1306,Male,76.17327383,59.21838422,102.4331477,90.30685482
S1307,Male,87.77664896,70.33817389,82.85378447,87.66003099
S1308,Female,69.08428611,69.89057204,76.53442705,86.80830531
S1309,Male,80.47097381,83.03074679,82.27604519,93.80594062
S1310,Female,72.97807348,75.69637879,85.10124341,84.99843164
S1311,Female,72.82318797,69.6996765,75.434659,79.09062937
S1312,Female,85.98776852,79.81319559,92.36169085,87.24736956
S1313,Male,83.25416349,86.68249059,79.84056607,95.43023525
S1314,Female,83.13509636,76.69372368,81.98194471,79.92620253
S1315,Male,88.05478807,70.12423144,83.32739402,83.19268617
S1316,Female,75.21003842,54.25796521,81.37269288,87.08223019
S1317,Female,81.81952971,57.21863604,84.711524,84.73047575
S1318,Male,71.89733243,66.33730355,73.06197451,80.0884821
S1319,Female,78.24166352,62.68585357,73.53358597,90.60928928
S1320,Female,73.69856946,67.75634436,69.19876614,96.60020361
S1321,Male,75.96995965,70.6797991,81.51600984,85.9806573
S1322,Male,80.95157025,76.35631305,84.23149203,80.47965855
S1323,Male,66.81779317,69.15401466,81.66218293,77.25519737
S1324,Female,95.92387276,75.83801973,91.39593947,86.28987991
S1325,Male,64.93982619,70.77369298,77.95523185,90.51938672
S1326,Male,62.85811387,46.2944012,83.34993324,87.37583873
S1327,Female,86.58110874,58.72797527,69.26639299,84.9879808
S1328,Male,82.91662694,68.27094933,74.90320238,82.05364174
S1329,Female,81.24119817,55.48366309,83.56430206,79.53918184
S1330,Female,81.28345509,77.19914476,84.79281689,89.17375663
S1331,Male,74.87753227,88.36900999,75.64826442,89.56885811
S1332,Female,66.02745629,84.62514222,77.42720599,77.27135107
S1333,Male,75.75804558,67.43868555,65.85701003,92.94919489
S1334,Male,68.22838288,87.88871364,75.14376639,87.8703561
S1335,Male,84.75119733,71.78400949,85.12306531,91.99797323
S1336,Male,73.52942618,65.95496835,82.60164013,78.28936126
S1337,Female,66.74502803,62.63916804,82.00532577,78.17087922
S1338,Female,71.78614158,66.37036376,78.3981895,84.25515345
S1339,Male,79.12931454,65.34187818,78.05650527,87.51392213
S1340,Male,69.36275447,72.04499467,72.71743088,93.98180411
S1341,Female,66.77779604,71.92688777,83.59062736,88.53039457
S1342,Male,77.43687211,70.03655224,81.36778356,83.78659362
S1343,Female,77.44966571,75.24325804,81.93615078,79.86815396
S1344,Male,69.93056825,84.2877553,73.79172126,91.15000286
S1345,Female,70.28961694,81.39464963,60.77325664,80.17647287
S1346,Female,77.32049937,52.18122438,86.77722169,93.14234277
S1347,Female,60.51915659,39.35294638,74.16930035,83.57807675
S1348,Male,60.92536226,81.21183893,71.09779389,92.95291036
S1349,Male,67.81555779,53.59745562,83.5478313,88.39465645
S1350,Male,72.86552848,67.30281518,74.86389888,84.31502255
S1351,Male,78.10907566,55.95864369,86.47949107,82.40301814
S1352,Male,89.75356217,48.37623475,82.9360476,83.29546061
S1353,Female,83.57659623,76.49755274,83.46855459,87.14158346
S1354,Female,73.4006147,79.10986192,67.07235431,85.38578248
S1355,Female,74.80983792,63.08187519,87.69555188,82.03094296
S1356,Female,64.97470635,38.90749249,80.09000425,84.17184295
S1357,Female,74.81486864,63.44506662,75.04578289,85.39288515
S1358,Female,72.11341361,74.70164806,79.14710774,74.35632953
S1359,Female,78.2271856,52.25306117,63.79011814,87.29084057
S1360,Male,66.72769056,72.20031904,81.26922249,80.10139388
S1361,Female,80.19346514,69.81628181,69.76502793,79.23333798
S1362,Male,90.32738913,76.951498,67.17863771,76.56327826
S1363,Female,73.91239852,71.43496442,65.82112651,76.03053751
S1364,Female,79.01711722,58.32317271,86.901507,78.22276248
S1365,Male,81.90143992,84.35885802,72.96589285,81.45489521
S1366,Female,70.98779528,68.09764512,90.26982168,94.76629569
S1367,Male,77.24092482,69.67234553,73.7135883,82.37060162
S1368,Female,75.12592401,58.80078449,64.34113634,85.88875053
S1369,Male,75.97676099,64.68061299,69.06780448,87.00240693
S1370,Female,67.26990216,59.38236743,87.88649296,85.65532593
S1371,Male,75.24510174,67.92464728,76.75281458,84.6127827
S1372,Male,79.97998291,90.54050176,73.61370163,79.02353118
S1373,Female,89.51143608,53.53718628,79.28014581,92.25463774
S1374,Female,84.59270826,50.63726323,82.01426189,94.03598322
S1375,Male,96.53182458,87.65404393,86.93919053,76.58670653
S1376,Female,67.32652437,67.48811587,89.58799384,79.87985705
S1377,Male,83.72320637,61.97112714,75.12185083,83.60094829
S1378,Female,76.83342006,82.47885625,67.39161851,80.17731103
S1379,Male,96.89802933,62.73261352,74.69227871,87.52982777
S1380,Female,66.91701715,91.91211656,80.08224405,81.35863899
S1381,Male,66.60278158,78.13511046,70.28992859,95.82528034
S1382,Female,69.00607355,64.1450631,70.34279268,90.95274297
S1383,Male,53.76104276,95.88769856,80.75030305,86.06287015
S1384,Male,69.74244978,62.73142092,77.61078119,90.13493132
S1385,Female,67.40867338,78.90514446,78.26237596,90.52950212
S1386,Female,76.50393786,73.59151096,71.93203732,82.18026256
S1387,Male,78.41755976,85.62089547,76.15679429,80.91891378
S1388,Male,93.76170839,88.73813436,70.60613485,85.39071531
S1389,Male,84.50423838,70.38404979,85.12158729,89.30818062
S1390,Male,69.23096344,60.95898556,86.28199468,85.69530199
S1391,Female,66.01585329,75.51966572,63.2304971,77.11501759
S1392,Male,79.91919172,61.86741556,70.56391312,80.98587778
S1393,Male,61.79766793,94.16064697,66.02776596,84.63013568
S1394,Male,93.31458766,71.63842397,72.79980852,84.62167198
S1395,Female,86.79440121,65.61614138,77.33249624,94.86271088
S1396,Male,70.30824348,72.21616367,66.40283824,78.07006029
S1397,Female,57.86865471,53.83448453,70.62512149,87.52794621
S1398,Female,88.53872374,58.34063154,69.96834102,92.44556554
S1399,Female,73.85460155,84.4049669,79.65813864,96.35724873
S1400,Female,87.37816312,62.11726865,78.5547547,82.97801288
S1401,Female,59.05572341,57.43706821,72.22609957,87.45714726
S1402,Female,69.00624977,76.43983303,79.41456698,87.84880179
S1403,Female,75.052437,84.22844986,73.62655932,85.97740866
S1404,Male,75.46980594,78.62743973,75.82675912,84.50577399
S1405,Male,70.49934529,81.95257223,91.38761672,87.17987695
S1406,Female,81.22849932,60.91845894,88.72368841,72.33876957
S1407,Male,64.32379571,52.938272,67.6033501,88.41034745
S1408,Male,73.57620515,88.01600382,84.63785934,85.63088952
S1409,Female,76.20295632,66.12784193,84.49117244,83.88762552
S1410,Male,80.14438834,66.9900038,68.81389369,95.23431098
S1411,Female,82.11614878,85.9383297,84.55022115,81.62532991
S1412,Male,63.75357908,76.67476011,90.30345535,82.98462005
S1413,Female,59.65885829,75.47065326,69.01964155,94.95776651
S1414,Female,87.77676822,95.98002814,70.65997743,80.83969348
S1415,Male,78.32314012,62.27778124,86.14129173,82.24942359
S1416,Male,67.51513463,81.13408154,80.17196249,84.26487288
S1417,Female,90.51151976,70.6841575,82.4118102,89.20367241
S1418,Female,76.15674634,73.22310735,80.72471373,86.03901254
S1419,Female,86.79297184,88.34162112,81.12556737,78.53687326
S1420,Male,75.67518481,76.09402908,67.38822297,82.33915718
S1421,Male,95.60747925,76.45955295,86.37854165,81.96322783
S1422,Male,92.55340842,82.87008805,87.35671994,84.61389477
S1423,Male,72.51035852,65.62056725,76.16487405,87.12921829
S1424,Female,84.71570951,59.92948399,77.6521844,87.09102878
S1425,Female,81.4537595,57.46228967,65.75113998,76.11994123
S1426,Female,88.68631558,46.40372093,82.11403805,90.31970494
S1427,Female,65.35076539,94.67448556,82.57645953,86.26284423
S1428,Male,81.8605146,56.76149961,77.50247186,91.92266024
S1429,Female,85.58424487,67.34495652,86.99482688,87.22099164
S1430,Female,57.41260514,66.6782404,75.32738215,90.50661479
S1431,Male,63.16741487,73.68888037,82.51684741,87.33272656
S1432,Male,54.60767822,79.78884655,69.84268529,91.73112878
S1433,Female,72.30593166,80.32568186,77.81158279,87.61125318
S1434,Male,82.17542256,63.00307074,76.60516594,84.51042377
S1435,Female,90.02357052,67.99453943,79.80246338,96.3621736
S1436,Male,75.7409478,73.39095941,75.04378457,89.44518561
S1437,Male,91.28615546,67.01570649,76.94821923,87.86872211
S1438,Female,61.19898542,89.28814691,84.60837737,78.61847792
S1439,Male,57.96617561,75.89169942,74.5058861,78.55846191
S1440,Female,74.44452301,78.81853343,65.14738319,86.46357741
S1441,Male,78.84065449,77.95457522,91.99667123,85.72760599
S1442,Male,74.67305252,84.08168629,89.05163263,81.92938717
S1443,Male,54.325579,72.1722587,67.66189844,85.7049135
S1444,Male,74.1087996,54.43801662,83.51766244,92.94313464
S1445,Male,61.95530499,74.79625542,73.97620184,88.47701237
S1446,Female,81.69672549,62.18371727,80.10789772,79.29495745
S1447,Male,78.66598246,63.65659982,80.35379303,84.44245586
S1448,Female,65.60120214,77.03636823,76.1247376,80.9751676
S1449,Male,69.86133083,84.85939686,71.72987468,83.06150042
S1450,Female,64.40786478,70.25525892,72.47567158,82.93192167
S1451,Male,74.37320903,73.70599615,70.67046468,82.61177209
S1452,Female,84.55142321,90.42657934,71.34542233,78.72432314
S1453,Female,65.14273954,72.88903815,77.46257368,84.36172659
S1454,Male,80.04046516,101.2201974,72.27392009,82.19696182
S1455,Male,69.69742382,76.78611575,83.45641653,70.35275655
S1456,Male,67.07127168,48.87084689,89.89796924,95.26486012
S1457,Female,73.9296964,79.04009945,73.35957407,90.44384827
S1458,Female,64.64757678,74.57390062,79.915236,83.11849638
S1459,Male,69.46350695,85.47703305,81.99748088,85.09409525
S1460,Male,63.02122107,78.07817622,81.77601817,79.14172826
S1461,Female,94.64725133,68.33852819,78.60764214,93.47861439
S1462,Female,75.35263552,55.30842116,83.94145935,94.48644347
S1463,Male,68.00274492,67.49172091,81.85799162,85.78346864
S1464,Female,77.13979911,59.79375455,68.09870062,90.11765322
S1465,Male,73.8767195,63.0337186,84.95324852,85.87643389
S1466,Male,72.790304,77.06294085,85.0983267,78.31637281
S1467,Male,81.141667,90.03885405,71.89371117,82.94088316
S1468,Female,82.5750771,74.73605836,78.30350268,85.65963983
S1469,Female,69.69498852,55.64940326,83.46663194,82.72726141
S1470,Female,69.24181759,75.33523202,76.32548944,83.90673361
S1471,Female,72.24948303,84.35957784,86.58382438,84.54300221
S1472,Male,51.98078835,62.68260515,96.91097996,84.59560751
S1473,Female,59.84808938,68.391794,71.71211174,85.26129245
S1474,Male,88.66874267,70.17625834,66.95164317,79.69697467
S1475,Male,91.44967714,60.58122024,80.43054876,81.41491925
S1476,Male,72.5096396,77.77936521,83.77250004,78.57707867
S1477,Female,80.76556963,68.54862222,76.15306901,89.88907775
S1478,Male,78.11250155,75.03438933,89.62608531,74.47176529
S1479,Male,105.3789395,59.35009387,67.2911536,90.76795172
S1480,Female,86.19574911,64.7505004,83.54334898,91.93174699
S1481,Male,73.72082409,78.66857629,73.15311343,83.48909707
S1482,Female,65.44459559,65.52600217,91.75502325,71.98431456
S1483,Female,58.9355368,90.72356621,93.94012283,83.19344719
S1484,Female,77.03463636,65.20436577,71.8667473,84.67907919
S1485,Male,67.43649255,72.69621671,73.60354291,79.9470089
S1486,Female,60.7774629,81.19108998,84.8767031,82.42390803
S1487,Female,68.53427116,52.9796112,74.9029548,92.65097599
S1488,Female,64.18451996,48.87029426,77.63671026,88.32463581
S1489,Female,91.87141635,51.69212423,78.20310736,80.37717943
S1490,Male,83.81639757,85.15100924,62.64261475,77.01200415
S1491,Female,74.92027359,63.37770225,77.88929803,83.36491341
S1492,Male,89.79944139,100.6983914,72.48217781,83.9327161
S1493,Female,75.77368308,63.22902882,74.05501742,87.48099594
S1494,Male,66.38715799,72.21461564,89.54905603,82.32341644
S1495,Female,90.23124077,88.50531943,67.94794485,87.55749788
S1496,Male,80.38910044,94.07311466,84.50564149,94.6757702
S1497,Female,64.62753846,94.73804292,75.76829656,89.07750511
S1498,Male,73.09661322,84.50039477,75.76191865,84.75955746
S1499,Male,66.24381747,82.28875031,84.32297517,84.08424764
S1500,Male,61.17200269,77.11032339,80.72041036,83.21663433
S1501,Female,84.26177548,79.34033291,82.56490398,90.90320456
S1502,Male,94.0941664,63.3857714,85.74547728,81.86343277
S1503,Male,61.01432426,60.1816134,75.34953293,85.22611354
S1504,Male,80.62969237,69.95950651,73.10210612,85.25598951
S1505,Male,68.49357431,67.95778453,69.31879579,82.49107904
S1506,Female,70.12874616,64.56126341,71.39671576,78.13767226
S1507,Male,69.07606076,78.35664937,101.5927554,86.61487252
S1508,Male,66.3600923,81.4636625,87.95743665,84.69498014
S1509,Male,75.48521628,71.06088264,67.19140507,87.50120235
S1510,Female,66.69049884,87.73036097,67.42033635,82.33199847
S1511,Male,77.70456826,56.29973063,81.85492849,91.10410649
S1512,Male,74.49761891,67.67608649,82.37811838,80.61613109
S1513,Male,72.61051953,61.39813215,82.39107068,93.56020142
S1514,Male,65.92436338,47.6015606,75.96035365,76.26181745
S1515,Female,69.23228669,69.00783177,76.99636592,87.17385032
S1516,Male,82.55391226,68.5390299,80.62303619,87.37715341
S1517,Male,80.00917188,88.16139692,78.68714405,81.02221466
S1518,Female,65.22444755,77.56974021,60.24559702,87.12196969
S1519,Female,75.99332305,57.70975811,76.16160296,91.39759335
S1520,Female,82.51387123,92.2491108,71.18874853,73.9159058
S1521,Male,58.30594719,84.65240435,79.40169135,87.51372404
S1522,Female,80.43360192,76.98517244,101.882072,72.5336459
S1523,Male,68.37376241,67.28219081,80.93985332,80.17167598
S1524,Female,80.70598669,58.48672916,75.49176251,93.14583182
S1525,Male,67.36740843,65.53351869,85.37441202,82.09108983
S1526,Female,56.95117899,83.06498344,81.8615031,79.13060018
S1527,Male,58.72457562,92.61503567,81.36075592,84.01031136
S1528,Female,75.48084947,88.51892234,82.85480475,95.33953169
S1529,Male,77.59722502,64.13380694,94.45234852,75.84158876
S1530,Male,65.95683375,56.5645908,68.95289252,79.74345044
S1531,Male,81.38592459,71.69063496,81.78905661,92.48715842
S1532,Male,58.38479938,48.77872761,70.58895096,94.28851172
S1533,Male,74.33920201,73.87801257,82.44410117,84.48284388
S1534,Male,62.889838,68.22876896,70.65050791,78.80473649
S1535,Male,68.48163892,64.40756198,74.66106549,95.47921751
S1536,Male,75.47398671,50.86356319,75.63928069,92.97221196
S1537,Female,66.39586635,76.16320128,85.80653375,88.39473494
S1538,Male,71.15444456,63.60758992,85.34763555,80.93798826
S1539,Male,85.06292809,55.96099797,68.03426099,84.7548533
S1540,Female,69.2310813,35.53285344,78.43947289,84.19819959
S1541,Male,83.35692112,69.66982114,72.32336116,86.65425652
S1542,Female,63.70293145,91.26701916,67.93196071,92.25500719
S1543,Male,80.29804178,89.93511057,76.2638636,89.39708521
S1544,Female,89.41568621,64.51484492,75.53213769,79.61311962
S1545,Female,50.283555,62.77345528,97.41373189,91.88248225
S1546,Male,67.03104745,75.62529107,81.4636786,86.5656607
S1547,Female,80.77072127,58.01937473,66.97905999,88.43532898
S1548,Male,72.96954614,73.6215028,73.48180797,92.3327043
S1549,Male,78.71145873,79.19296334,86.17106636,79.44209875
S1550,Male,68.96014813,84.72319869,94.70754218,84.82087211
S1551,Male,75.86589787,68.79815108,65.3121335,82.34272724
S1552,Female,73.44322765,67.555915,62.96060492,77.16070287
S1553,Male,86.67782062,59.46420896,92.9677214,86.73354989
S1554,Female,77.54420843,60.07743575,81.11691342,97.55778276
S1555,Female,78.37602662,67.2822533,71.05365814,75.79961128
S1556,Male,70.88123034,74.40838608,82.27703269,84.83859694
S1557,Male,70.12393776,80.96301551,56.91401809,88.20271468
S1558,Male,70.67441812,60.36185259,78.02700405,85.61539101
S1559,Male,78.94452142,87.91226283,80.62256938,84.43435974
S1560,Female,70.79015519,66.74651679,85.39416112,78.50391818
S1561,Male,77.89774857,69.74359247,69.88883238,86.16393371
S1562,Female,95.75400799,61.03345985,78.68549729,81.21618011
S1563,Male,83.71124703,40.90911688,70.59660299,74.05039148
S1564,Male,71.73976468,80.60854476,80.04307005,90.9729611
S1565,Male,87.01213922,78.84212677,70.83722942,89.7919291
S1566,Male,70.91924627,66.62406931,74.73519329,85.25830488
S1567,Female,54.61875465,70.80388861,70.03347684,86.14537344
S1568,Female,64.91913689,76.19127061,83.20908993,90.37159006
S1569,Male,56.29208079,51.24944972,84.86760893,86.12169828
S1570,Female,71.48486516,63.65136787,76.12303544,89.52008777
S1571,Female,75.18418379,79.53117616,78.30590396,83.512589
S1572,Male,91.76437312,54.94852692,66.41126868,91.55991869
S1573,Male,78.26927374,73.52269519,75.60258682,86.60392863
S1574,Female,72.80899471,53.72101834,77.59836306,85.97025972
S1575,Female,83.29405581,75.59715979,98.96634473,78.64969456
S1576,Female,52.88864691,69.57230221,69.10426379,86.43477927
S1577,Female,77.35614558,50.61841821,89.71341791,80.84022541
S1578,Male,82.70865194,83.97687225,85.97487019,81.80858637
S1579,Male,60.21413754,61.18490108,80.24509124,80.92312186
S1580,Female,86.43754043,60.27697076,92.06896387,79.66882534
S1581,Male,78.38496407,72.40683037,80.97684378,95.62385702
S1582,Female,70.84712086,83.78364819,81.11327357,91.65669531
S1583,Female,81.32781866,57.81013817,77.57503478,94.60183751
S1584,Male,97.70692858,70.7401582,87.78855106,78.8855249
S1585,Female,76.81866255,75.145798,86.77175387,85.35626875
S1586,Female,77.48220586,78.31726729,72.9945817,78.53246187
S1587,Male,70.406391,72.11729866,67.44602244,81.52152561
S1588,Male,66.50155631,65.59566593,76.3761549,80.40936508
S1589,Female,83.30335817,60.06891735,71.59969148,91.19792003
S1590,Female,66.43916174,71.0337266,77.4918034,83.01885161
S1591,Male,75.71566237,57.13433186,87.89950508,90.34189667
S1592,Female,70.22342553,34.9437942,74.34158676,88.02060445
S1593,Female,79.78979826,75.23871765,77.65741295,96.51819376
S1594,Male,78.33662105,80.84721809,78.46418188,77.60277888
S1595,Male,85.37539944,41.64481077,84.78744706,91.2961662
S1596,Male,69.89983601,57.88323154,60.02488533,90.73220435
S1597,Male,72.30125065,77.42985113,73.14639764,80.13310581
S1598,Male,65.21236284,94.68994564,79.69026954,90.03566668
S1599,Male,70.5570674,70.24952449,87.60063165,86.68072482
S1600,Female,78.77300493,61.26396471,74.06478042,83.8626187
S1601,Female,82.56988617,67.80524271,62.98757835,80.88032257
S1602,Male,65.77834676,86.49851703,82.95769157,81.40445274
S1603,Male,83.6960592,62.24842985,72.91710089,95.24906048
S1604,Female,88.55637859,60.40969592,68.48266673,85.00341409
S1605,Female,79.13434903,64.20707773,73.00523688,88.91065001
S1606,Female,93.76795813,58.5600567,76.52379714,81.04550309
S1607,Male,67.26210801,71.47204379,73.16204268,81.10073527
S1608,Male,62.55345297,89.4961415,60.35547154,90.40992405
S1609,Female,57.21279751,73.87695128,85.17652958,78.25211894
S1610,Male,89.96044311,66.97175797,88.19900033,82.92393116
S1611,Male,81.54365656,66.49826477,83.21217593,85.17013706
S1612,Male,74.44415329,51.2417103,68.89851464,85.55686301
S1613,Female,77.79968626,80.59731733,76.38806773,84.10453357
S1614,Female,63.74510953,69.06595364,77.94782948,86.97909891
S1615,Male,99.4575198,67.83424104,82.79035512,88.46427878
S1616,Male,76.29221182,107.4240987,83.34672391,88.67318773
S1617,Male,76.09394795,73.5850349,72.12660961,80.07098096
S1618,Male,82.25766624,60.9785074,78.65596445,83.57922451
S1619,Male,79.81009232,64.88370885,81.65824324,90.97381431
S1620,Female,77.23884024,83.78134851,89.64657858,89.47323594
S1621,Male,67.09525545,71.35924493,83.63605232,78.13570274
S1622,Male,79.71468357,52.74066426,84.3124535,86.7573995
S1623,Male,93.82024496,81.03074721,78.67061302,75.10887375
S1624,Female,88.45420046,61.98227097,89.28367316,85.23467451
S1625,Female,90.93186627,92.47957331,81.27810237,94.48883508
S1626,Male,69.88784324,82.96057679,71.11129672,80.26053641
S1627,Female,65.1039518,64.63213725,89.22695976,80.82838477
S1628,Female,73.7421308,85.37219634,83.58322618,88.82014891
S1629,Female,75.55724912,70.81426613,74.45564783,77.28599242
S1630,Female,85.94191518,80.2332841,74.16405626,81.83622485
S1631,Female,58.0753537,75.81679381,80.37260436,87.98220569
S1632,Female,90.29550319,59.84372014,81.70547836,81.82857076
S1633,Male,73.41992101,62.27740201,79.57833813,83.82015006
S1634,Female,70.7311893,82.35952981,80.49046939,88.72092855
S1635,Female,64.87895625,65.98269601,91.599659,87.10773042
S1636,Male,58.45143328,65.15621844,86.57234522,86.33409198
S1637,Male,83.23170584,58.53852905,79.52508473,83.3043886
S1638,Male,75.73317967,75.08318879,85.53048465,86.85030558
S1639,Male,62.100391,94.75029903,69.73980877,84.3813366
S1640,Female,62.04921228,57.18960503,81.1834164,87.28902805
S1641,Female,71.64215301,70.29063348,92.4744508,82.51533987
S1642,Female,91.69021525,86.94664666,76.25563284,84.08715513
S1643,Female,72.40408649,69.04430331,71.21892857,80.05021104
S1644,Male,59.96857047,75.42846155,72.78328889,84.82496195
S1645,Female,72.54256936,57.25127766,69.2829357,80.94499568
S1646,Female,72.2727643,75.13968517,71.72190473,79.42976775
S1647,Male,48.03113357,67.75426882,75.03593521,86.29330574
S1648,Female,74.45705133,81.82875995,66.75546385,86.06369888
S1649,Female,72.6906547,84.24863262,78.12494667,88.91436867
S1650,Female,81.96206365,101.0747637,85.21821739,82.84437215
S1651,Female,93.48956095,76.95559808,70.73795056,87.04026423
S1652,Male,86.2656503,73.9095558,90.15427139,87.75398786
S1653,Male,72.31111309,72.33261162,82.08633671,87.22386904
S1654,Male,63.93474091,65.76200449,86.24464468,80.87173159
S1655,Male,100.733598,74.06180612,72.73732357,85.74681741
S1656,Male,75.59218434,66.45518308,84.83620182,86.82070148
S1657,Female,75.13929292,72.02153172,69.2645288,85.03589233
S1658,Female,74.75874913,85.81117043,85.12198001,74.56761171
S1659,Male,76.98084761,57.92148922,79.37471472,85.80244812
S1660,Male,73.55639588,83.67854273,82.42600976,96.0626552
S1661,Male,69.26337993,85.80538081,68.59524316,83.19980366
S1662,Female,69.53141059,68.58317768,70.83944126,81.35961451
S1663,Male,74.6724673,44.53774121,82.77782575,86.8667428
S1664,Female,69.56575229,62.70613615,70.41321597,86.56189105
S1665,Female,67.87154217,85.56393456,81.70565034,90.96367583
S1666,Female,76.06430228,69.72558325,67.06289755,78.71065922
S1667,Female,72.45022783,58.00837321,84.7853937,88.65690126
S1668,Male,90.03992989,63.94270095,68.13981348,87.95211031
S1669,Female,48.49030192,80.08744032,82.4183995,84.28926732
S1670,Female,85.91506852,76.56080282,83.00504747,86.69343659
S1671,Male,87.46085192,67.13281481,72.42582545,90.14728741
S1672,Female,54.26609768,65.59810706,82.65621254,89.3615769
S1673,Female,71.57312406,65.29890221,80.08353811,79.28490344
S1674,Female,71.28559134,58.93107779,73.68926515,89.10079093
S1675,Male,60.92488305,89.38450827,69.93156253,84.67655697
S1676,Female,67.22183312,66.13215437,62.29899447,85.36437049
S1677,Female,63.89424155,84.60590225,80.79720038,85.36598496
S1678,Male,92.52270443,88.25579262,65.48157783,84.24878506
S1679,Male,84.35678393,81.97973078,78.7627536,90.95853749
S1680,Female,87.71555095,64.82055625,75.89241427,84.5814102
S1681,Female,82.21672064,74.84476108,83.4331422,79.40226936
S1682,Male,63.70948229,69.70965272,75.583636,83.03235072
S1683,Female,69.75479734,59.15557767,75.36441771,85.89347358
S1684,Male,79.89374561,73.89231138,83.85496563,91.14607392
S1685,Female,62.77872191,55.85152251,80.68046423,88.01547342
S1686,Male,82.1299843,84.25215266,80.52924766,80.74732361
S1687,Female,72.59674602,64.42459243,81.75414072,97.42594958
S1688,Male,71.25179192,72.41391587,65.71542301,86.32387655
S1689,Male,82.10959968,73.39945446,84.05430944,91.37695369
S1690,Male,79.44263311,66.89314032,82.89975035,84.24142783
S1691,Male,71.39033834,77.04032562,69.86653497,87.66679622
S1692,Male,86.59329803,64.30115612,76.04735621,89.19734252
S1693,Female,64.18936672,80.45556757,77.6855417,91.09097356
S1694,Female,81.15935607,53.84824384,76.92402572,90.28684153
S1695,Male,80.93101258,71.51655495,80.67087973,89.360985
S1696,Female,71.90453561,93.26714799,89.45093425,83.42456634
S1697,Female,78.26133022,57.9960241,86.65413382,82.14126979
S1698,Female,62.48886424,61.86706035,67.50224645,86.66303755
S1699,Female,84.24027019,76.1668942,82.97655992,89.66564036
S1700,Female,73.15097864,72.15498138,88.63146656,83.8863965
S1701,Female,69.77276979,74.20756119,81.09446817,90.32585983
S1702,Male,85.49009226,75.87024556,86.7278434,92.26308373
S1703,Female,67.95656309,77.61665762,94.09816357,80.4183954
S1704,Female,60.91538704,83.3163981,86.18967637,80.81539648
S1705,Female,59.43370826,74.91782388,79.99446877,84.29812471
S1706,Male,81.06009951,67.10490814,86.36070779,86.53806334
S1707,Female,62.19570648,78.07088441,79.15910266,82.37716493
S1708,Female,92.54794182,92.79858322,78.19122435,91.76101339
S1709,Female,54.18070592,68.40839504,75.18868611,87.12033431
S1710,Male,91.96456368,58.30564834,90.50730687,85.19723524
S1711,Female,77.11017467,83.28496803,71.45257067,77.82045238
S1712,Male,74.03286888,68.55542603,90.2589418,78.42092092
S1713,Female,69.55080913,43.92796545,81.99891299,86.40504625
S1714,Male,78.99136114,80.16906013,66.8055506,74.33702187
S1715,Male,74.62365298,63.57606177,80.94119434,90.06318705
S1716,Male,86.03301882,68.91360061,61.19978794,84.20923078
S1717,Female,76.14227649,73.98376397,83.00406413,100.8975483
S1718,Male,76.50301761,72.28599616,85.08185186,96.53958125
S1719,Male,71.36387788,78.51342181,73.26115235,84.09275465
S1720,Male,74.43054376,64.77416355,78.98838157,84.46831499
S1721,Male,78.07801769,76.15726958,93.63325947,89.97790757
S1722,Female,57.89831607,66.88543987,73.95402637,93.51586305
S1723,Female,61.51814578,78.86572577,69.5287393,76.80985471
S1724,Female,82.43264094,77.38440981,89.85330722,76.06812267
S1725,Female,76.70865438,58.77473558,93.70069752,81.88982597
S1726,Male,73.16016664,83.03178539,78.02956537,87.91368792
S1727,Female,75.18433933,63.56843866,86.09170428,87.48436795
S1728,Male,78.47581705,79.69669358,88.73180732,90.34885727
S1729,Female,69.6024032,74.40744776,72.06012614,79.00151236
S1730,Female,67.21695275,92.05820412,74.11755332,73.41928069
S1731,Female,76.95845255,67.31840821,87.84699611,89.29007098
S1732,Male,65.21627222,65.80819845,91.48011423,80.85901864
S1733,Female,79.08252756,69.76696473,82.50304688,74.90756068
S1734,Female,57.97416396,66.36184261,70.96148517,85.72531873
S1735,Female,85.29155637,79.59930282,93.89648889,88.96587844
S1736,Male,79.72597482,50.6042727,73.75223282,84.38971434
S1737,Female,77.56029734,57.35581097,75.31889775,82.71075807
S1738,Female,84.82690984,57.18636494,80.73870268,84.20318884
S1739,Male,91.65474444,81.4036911,90.43328337,83.14708619
S1740,Male,85.14370065,90.52736047,84.83180781,78.25976444
S1741,Female,56.59125769,68.74660938,81.318924,81.42659662
S1742,Female,62.20423033,67.97413932,81.70630824,87.60639953
S1743,Female,68.75181422,70.84062596,78.34811735,86.60839271
S1744,Male,75.2609105,83.94253963,82.46511612,85.84029903
S1745,Male,80.1765902,58.87176239,57.76351938,80.02425759
S1746,Male,67.74256187,72.86042779,75.62714033,84.09248419
S1747,Female,76.86766764,81.70237156,79.93057548,74.11467477
S1748,Male,67.44617068,76.01313004,68.79188733,85.89238332
S1749,Female,68.88482197,72.2749794,81.09058654,92.14428854
S1750,Male,60.93338903,82.01255311,76.36423023,77.62933934
S1751,Male,65.76766754,37.56121248,92.04380559,82.07036163
S1752,Male,61.48315394,78.13450383,90.5841578,86.64553389
S1753,Female,65.24126747,62.1510918,74.27355545,91.26421317
S1754,Female,85.53641797,48.03240524,76.79329831,82.75887692
S1755,Female,65.50601111,76.13443119,77.40841948,81.53874835
S1756,Female,101.3238206,86.48390254,74.38672419,75.15538429
S1757,Male,79.93317901,68.35061782,79.56019987,85.51719065
S1758,Female,76.84836124,81.43449457,71.93374345,95.2103802
S1759,Male,66.4164222,89.3473391,68.95507732,86.38679231
S1760,Female,82.00309879,85.77897344,82.98168979,84.8886051
S1761,Female,69.24362174,89.67957435,83.03623667,86.61041155
S1762,Male,76.22009815,78.90552989,71.56547392,84.94453998
S1763,Male,100.6008454,70.90520367,85.16284345,80.93492814
S1764,Female,74.039401,50.77641026,72.94737817,89.11639958
S1765,Female,86.49273326,67.04725014,80.0253219,86.12880762
S1766,Male,67.96823575,59.88104086,84.5627521,85.08806626
S1767,Male,74.6501151,96.05131261,77.73109948,80.12316986
S1768,Male,92.70800636,67.88937025,81.6379273,91.51753966
S1769,Male,68.73032942,71.47845768,73.86856285,88.32351373
S1770,Male,93.12448558,76.61782451,76.42826733,82.23539581
S1771,Female,82.07751935,70.52322936,76.35312455,90.00912427
S1772,Female,69.37533224,90.34061249,72.02737323,82.51214581
S1773,Female,81.32407739,62.52820766,76.5858067,81.08998254
S1774,Female,84.7255445,72.33528946,65.61105361,81.20148441
S1775,Male,81.21809962,61.09035297,74.07077002,76.14465723
S1776,Male,59.2977528,54.15972987,75.72099605,87.3577119
S1777,Male,67.72862824,62.65877091,75.95056198,75.84427561
S1778,Female,72.52481364,69.55555844,76.06802043,78.85778084
S1779,Male,74.25566571,64.84837331,77.5058864,74.62205995
S1780,Male,81.20672098,61.69094824,81.83553214,84.56965154
S1781,Female,76.77701001,53.12419044,84.99613659,84.2483977
S1782,Female,61.64655641,69.00273313,72.80187819,83.36651893
S1783,Female,78.80197851,51.94335551,68.37439316,79.78711153
S1784,Male,81.10585745,79.12067156,69.6636447,79.13883123
S1785,Male,80.59790448,70.98927704,74.10237663,87.32184932
S1786,Female,85.80780726,52.50938201,75.18462946,82.24724034
S1787,Female,83.33922155,66.28949108,71.84003147,86.58179161
S1788,Male,79.59180079,60.97412313,67.63106669,80.57375657
S1789,Female,74.29834289,73.83009413,74.35103338,85.90531371
S1790,Male,58.39039066,86.08540535,79.45141296,91.51639019
S1791,Female,79.29618219,47.49793036,82.76023573,87.930829
S1792,Female,77.07687687,71.38031295,73.54061558,82.93793091
S1793,Female,77.71578837,68.07840645,74.69601742,86.28599485
S1794,Male,62.23251424,78.05608092,70.58641353,83.79667413
S1795,Male,64.1894346,72.55835954,77.74848664,85.03940092
S1796,Female,85.53152853,60.97636802,71.21257093,83.37194474
S1797,Male,74.60444846,66.17135277,82.58502251,84.17832397
S1798,Female,81.81500697,60.44768972,63.71306806,86.06046677
S1799,Female,75.28318376,82.91208566,75.12296262,80.0332065
S1800,Male,75.29756139,70.25573978,80.40885871,79.92060587
S1801,Male,84.38283806,92.81428823,79.47067613,78.05728723
S1802,Male,69.83955272,69.27207023,99.54426931,76.99864448
S1803,Male,75.96120777,61.4991188,80.7984002,78.91358654
S1804,Female,70.37724711,51.83542729,69.96756323,85.79731253
S1805,Male,70.65503773,48.36232388,77.23628602,80.53606242
S1806,Male,71.90827877,50.99036868,63.79002933,87.56807232
S1807,Female,77.22133772,73.20551981,77.35520201,85.17356874
S1808,Female,70.21251378,76.10470028,71.33555154,75.15747893
S1809,Female,87.55756126,51.02571158,85.3231222,88.27487792
S1810,Female,66.05392698,80.74045977,73.6036778,89.05399323
S1811,Male,73.13128356,64.20326738,77.06587267,80.03068663
S1812,Male,70.60268942,71.76151614,72.91553727,87.10095771
S1813,Female,89.46977884,89.34664754,91.91081081,80.71750881
S1814,Female,76.96554777,80.76207179,75.43005787,85.48835188
S1815,Male,85.31844539,66.77763223,92.66045635,78.67750797
S1816,Male,60.14439627,59.3056933,84.5132141,76.03446774
S1817,Male,77.67050266,44.17821518,81.85653382,83.08591405
S1818,Male,83.89630796,61.37016017,80.94986518,84.38135527
S1819,Male,75.82283989,67.46643713,81.15037839,83.01160153
S1820,Female,85.65480375,58.15384567,62.57861937,79.07984721
S1821,Female,69.8271155,68.42491639,75.76893285,83.00050469
S1822,Female,89.0934744,70.9222226,84.76126377,86.34647376
S1823,Female,97.98898124,67.30172822,77.60882253,84.77553485
S1824,Male,71.3716144,62.19996903,66.75848123,85.91250515
S1825,Female,70.54497479,72.02385606,77.5807644,81.649424
S1826,Male,89.53384477,75.30328779,91.63284413,90.85858957
S1827,Male,90.79572146,56.91521107,87.97513372,79.11913332
S1828,Male,69.77139973,86.93118856,77.50396793,87.43780149
S1829,Male,70.79813183,68.81694241,85.61159422,90.90945546
S1830,Male,72.18215391,70.22619548,75.06794384,87.40454046
S1831,Male,61.55549489,78.49857308,64.36902731,83.98737886
S1832,Male,65.81348054,72.79859358,70.60427209,82.35851477
S1833,Female,64.95859233,81.43763961,90.50311015,90.18043826
S1834,Male,67.32202435,73.44548998,75.80805535,77.88512537
S1835,Female,74.65315113,62.6507515,76.05292816,80.1493787
S1836,Female,77.34214733,74.3380423,75.60129443,83.01221117
S1837,Male,90.50500493,56.27528551,93.23309272,91.18826879
S1838,Male,65.01645959,71.30271647,91.00767132,86.89883818
S1839,Female,84.84322398,69.60124011,95.75024187,80.15977121
S1840,Female,72.86011156,67.50259771,76.72763832,83.44846147
S1841,Female,74.5053629,68.45754986,80.36499591,81.92838428
S1842,Female,81.74819492,47.41781145,65.8668596,81.45105504
S1843,Male,63.77277978,63.41530111,89.81547541,89.89444779
S1844,Male,78.82409746,71.11413881,68.65776359,78.14128435
S1845,Male,76.66452208,71.9182767,79.73420451,93.04390428
S1846,Female,79.92451264,57.66789831,69.22157978,89.14114845
S1847,Male,77.89168644,85.18849409,73.28906539,90.45430835
S1848,Female,99.5530014,59.60590182,71.30190055,82.68530244
S1849,Male,68.62260016,81.63348641,73.13699791,84.2502964
S1850,Female,69.69003045,75.12633234,73.68701837,77.83424093
S1851,Male,68.76859474,62.24527228,73.61384964,82.37668796
S1852,Male,69.44522881,91.30373071,84.66667129,87.46827424
S1853,Female,68.62612873,55.67635802,69.16109766,91.48031531
S1854,Female,86.89016531,81.02985008,79.76433142,79.46421592
S1855,Female,89.20504248,82.00698782,87.74367322,83.17247032
S1856,Female,69.29253706,61.95255749,73.89442908,84.2435039
S1857,Female,66.67644427,86.7095836,72.25664887,78.02105399
S1858,Male,79.71415556,66.99944182,76.155803,87.95674621
S1859,Female,69.47776956,73.46432355,87.43780167,81.38004834
S1860,Male,81.32931818,73.12386207,79.55286105,84.02304824
S1861,Male,77.02923021,68.3882951,73.75028564,82.74025314
S1862,Male,59.84255885,79.72969928,81.87101321,81.05330747
S1863,Male,90.47505201,79.52186465,69.1816628,84.96477507
S1864,Male,92.95877673,49.01761632,83.45087608,83.92195211
S1865,Female,68.8721131,85.65208291,81.26885846,83.14071059
S1866,Female,71.1229844,50.05009614,75.53753223,81.35769189
S1867,Male,77.85865391,82.39055445,71.29131361,86.59762335
S1868,Male,78.3445679,83.52046164,70.90655262,93.26808634
S1869,Female,81.58544273,56.90840284,82.27853869,85.69943616
S1870,Female,95.10204539,65.07022854,87.83184402,89.98059107
S1871,Male,73.23052773,56.73154398,72.90153802,78.04889037
S1872,Female,67.01702755,67.42094764,81.66709363,85.7888072
S1873,Female,61.20680772,66.30358859,61.30378385,79.51315841
S1874,Female,67.6906996,79.35592639,73.32305815,77.61537536
S1875,Male,74.66873027,85.72370495,77.75152854,81.30314296
S1876,Female,92.94557864,86.74820573,70.72253266,90.95949667
S1877,Male,69.82388701,63.25398368,70.507949,89.75007914
S1878,Male,77.23787952,67.48933752,72.65776355,86.21502361
S1879,Male,74.83577104,49.79874169,80.33754183,77.3364972
S1880,Male,86.88393273,60.3295592,76.50136785,84.01859674
S1881,Male,100.2693243,81.5782196,60.09415013,86.50850004
S1882,Female,69.69131227,89.38699388,61.03439878,85.87768115
S1883,Male,70.10560557,55.18781354,73.14507858,75.78103208
S1884,Male,85.44160877,62.89042889,81.66149269,80.54841076
S1885,Male,81.8189149,69.68313092,56.01996126,84.67961118
S1886,Female,93.46707326,73.36193391,74.00215859,87.68145455
S1887,Female,80.83928185,60.28475776,73.79001715,74.01936089
S1888,Female,71.40707909,75.08873253,89.10670223,84.18938012
S1889,Female,80.90654831,64.31392784,74.91982551,85.71524385
S1890,Female,86.08703581,69.82657275,81.06391188,89.24805994
S1891,Female,83.20482181,76.55541098,79.13005712,88.46428792
S1892,Female,80.07274031,70.07706724,60.95546816,87.91285659
S1893,Male,85.6667469,64.76336931,84.14565773,81.00029747
S1894,Male,86.6929559,68.68468235,79.72317204,75.45998931
S1895,Female,88.82158991,68.93964449,82.06614912,83.03473621
S1896,Male,81.48709888,65.55986764,102.4331477,90.00815913
S1897,Male,73.3288192,66.89444725,61.32709648,91.96727264
S1898,Female,76.46713686,89.18376605,91.7975732,88.55274551
S1899,Male,87.06508967,76.73103338,75.70041984,87.14670411
S1900,Male,66.83064329,66.45423618,80.29863124,86.89819824
S1901,Female,78.68673309,78.36345285,77.63590204,82.21940627
S1902,Male,71.06661188,65.99416612,74.60610933,84.34969853
S1903,Female,75.28744823,84.07749565,73.44133657,93.34534763
S1904,Female,87.78451863,74.43570631,80.63606988,80.28720997
S1905,Male,76.91099068,68.71237427,65.86261043,93.07389395
S1906,Male,75.46436548,75.37260311,84.00463334,83.38985923
S1907,Male,61.40143859,51.14948618,74.67044476,91.62716055
S1908,Female,82.46253566,56.47879037,68.95944529,77.96592495
S1909,Female,81.45484181,55.67289992,74.39989714,87.92952101
S1910,Female,96.63254723,71.71531714,88.05719373,81.31614932
S1911,Male,71.92221765,90.79017999,73.7173193,77.92366404
S1912,Male,77.19150328,96.77560175,80.86762895,86.09267021
S1913,Female,77.49383684,77.65661322,72.15234979,90.04735894
S1914,Male,90.7745328,76.0101337,84.0633748,80.77529281
S1915,Male,74.04704468,48.38730719,83.48406191,77.5049202
S1916,Female,77.79021526,63.4879144,92.78887067,84.54077618
S1917,Female,81.0789651,60.54659498,76.59548844,84.56282336
S1918,Male,76.86609123,62.54982882,83.34923844,87.74159814
S1919,Female,70.53566385,67.98227418,78.78454032,89.74797286
S1920,Male,76.94089993,64.33491307,88.36697425,84.70292409
S1921,Female,85.7363175,46.24840228,72.2493409,94.27751657
S1922,Female,64.73484701,78.97492307,83.9600425,86.12117372
S1923,Female,76.32969674,57.12708369,76.44242163,83.26786747
S1924,Male,67.99879185,72.87096237,77.48649458,76.9421632
S1925,Male,86.95046629,94.88899204,78.73401988,83.6867024
S1926,Female,59.76813095,58.9673849,80.01792317,83.31806527
S1927,Female,69.41078153,39.63654973,77.07016766,89.80152398
S1928,Female,78.77211875,66.56794934,79.71770547,87.31241812
S1929,Male,90.65524029,83.21151562,90.62494446,79.10315439
S1930,Female,74.34249739,93.50016945,85.88359748,85.86127193
S1931,Female,69.44800473,55.24540487,84.95323674,88.35765586
S1932,Female,93.81157069,75.96039068,74.35568379,92.6401568
S1933,Female,60.519861,64.41627452,70.88607337,89.43751984
S1934,Male,53.01194043,68.72861975,85.64240447,88.80423327
S1935,Male,79.4001445,101.7321202,85.00837434,85.30042997
S1936,Female,69.97945776,51.96435606,89.78136541,86.94156003
S1937,Male,64.78767183,73.04487594,73.16815499,91.2475245
S1938,Male,82.08356447,75.61231806,76.16361076,78.33611301
S1939,Male,77.43800714,83.0294359,64.8841267,83.25280336
S1940,Female,69.35921369,71.17579784,74.86023115,81.13715626
S1941,Male,62.19695601,73.69660647,85.97256408,86.89576559
S1942,Male,83.72457328,65.30021719,74.26803697,91.15111088
S1943,Male,81.50201178,73.22952329,83.12383836,82.01512857
S1944,Female,74.00824136,65.88169269,76.47597515,73.04847816
S1945,Female,93.46636996,77.45886268,80.59245623,82.93889627
S1946,Male,64.29915234,65.56467597,68.81846888,89.56736866
S1947,Male,59.74474829,74.52520473,78.6816756,87.68814951
S1948,Female,68.0809193,69.64884624,54.07091223,87.14093124
S1949,Female,74.54413984,83.51260301,76.50483073,83.60003349
S1950,Male,77.43339449,69.38327532,64.95621405,78.60484632
S1951,Male,72.58763942,48.72361038,87.64795613,87.57647161
S1952,Female,78.52055397,85.14305801,84.21925882,80.82859095
S1953,Female,62.48460576,59.13121239,81.73336786,95.92048367
S1954,Male,89.43764604,62.15480394,90.16804982,87.85253604
S1955,Female,74.17848822,62.85206447,70.40866783,82.09675849
S1956,Male,86.17295832,86.49325712,91.97890558,81.94307376
S1957,Male,78.42725346,44.37190943,85.45753251,84.53527897
S1958,Male,79.56753219,107.4240987,76.1075577,83.80249039
S1959,Female,80.6976728,82.67268171,87.08496118,90.58416888
S1960,Male,79.4770856,72.67886697,69.1496519,85.93208085
S1961,Male,81.4272276,69.34127199,71.40388671,81.34184131
S1962,Female,88.2915253,73.4266489,73.13128221,94.45220343
S1963,Female,76.9652117,76.25346914,73.76817834,85.24654166
S1964,Male,82.09003758,77.74258703,69.54753886,88.84419838
S1965,Male,74.10264306,76.66725359,87.78466454,81.95886746
S1966,Female,89.40117215,71.07496818,75.9291648,86.81557814
S1967,Female,68.23607698,67.63193896,80.82003975,86.55554996
S1968,Female,93.00940433,68.1847206,73.43718907,75.55175354
S1969,Male,74.59842049,67.66110064,63.4351736,95.07637555
S1970,Male,60.69224898,83.60524116,80.16045887,91.4532223
S1971,Male,76.28104415,77.12268067,62.7019602,83.01402342
S1972,Female,68.18948343,34.71533638,77.45092763,79.4886513
S1973,Male,83.40643549,77.87080932,67.05347969,86.73780807
S1974,Female,68.47376021,72.33683434,93.89820799,85.4334885
S1975,Male,70.53816567,69.77549492,85.29090178,86.77834474
S1976,Female,56.10459269,65.33777856,78.84603033,85.95788698
S1977,Male,70.47693681,83.48935264,88.10965342,87.53120495
S1978,Male,50.76120673,81.37031755,71.22947218,92.2365285
S1979,Female,59.16097177,60.72546799,82.34783503,87.84051603
S1980,Female,82.60414656,74.88462745,79.59848347,79.75172251
S1981,Male,82.85800159,58.34011919,80.11216065,91.81281426
S1982,Female,79.25457562,53.44458202,88.178828,93.20307282
S1983,Female,65.33023857,62.4793933,83.85993682,100.7602837
S1984,Male,74.52288644,80.34872167,80.3097893,79.38252983
S1985,Female,74.96397461,81.43750054,64.76090051,86.21441007
S1986,Male,63.41635311,76.15702504,70.31962964,74.58950648
S1987,Male,90.03398302,78.70114944,77.01832853,87.76574578
S1988,Female,83.77362291,76.19413945,78.74697899,82.25899851
S1989,Female,72.79035826,62.30222086,68.9583702,94.61722897
S1990,Male,75.26885839,75.18307054,97.2934134,81.12692515
S1991,Male,77.08382808,79.6049143,90.13115244,76.55408481
S1992,Male,54.58265132,79.05149596,82.81694656,82.6436813
S1993,Male,72.52822617,84.26696046,78.57629489,75.12256114
S1994,Male,68.18015752,78.49964617,76.30232824,88.75549727
S1995,Male,64.9837999,74.21737849,70.38465232,74.67458477
S1996,Female,72.18899707,82.84180286,78.61984415,85.14228791
S1997,Female,92.97686527,69.68174489,80.06202032,74.6109409
S1998,Female,81.40842861,59.41750419,68.0659154,83.39851098
S1999,Male,69.2882101,68.04319643,80.67341134,93.21689078
S2000,Female,80.72582781,61.06116826,76.75792761,86.80323946
S2001,Male,45.06083805,34.3311655,53.60915581,68.82033611
S2002,Male,105.3789395,107.4240987,102.4331477,100
S1001,Female,79.96714153,86.79226524,72.5985738,75.46096221
S1002,Male,73.61735699,81.09560419,76.84385063,80.69807495
S1003,Female,81.47688538,70.71556444,71.66064063,82.93197233
,Average,73.98759737,71.90591291,77.09197194,84.44815281
